
CREATE DATABASE [db_NoiThat]

GO
ALTER DATABASE [db_NoiThat] SET ANSI_NULL_DEFAULT OFF 
GO
ALTER DATABASE [db_NoiThat] SET ANSI_NULLS OFF 
GO
ALTER DATABASE [db_NoiThat] SET ANSI_PADDING OFF 
GO
ALTER DATABASE [db_NoiThat] SET ANSI_WARNINGS OFF 
GO
ALTER DATABASE [db_NoiThat] SET ARITHABORT OFF 
GO
ALTER DATABASE [db_NoiThat] SET AUTO_CLOSE OFF 
GO
ALTER DATABASE [db_NoiThat] SET AUTO_SHRINK OFF 
GO
ALTER DATABASE [db_NoiThat] SET AUTO_UPDATE_STATISTICS ON 
GO
ALTER DATABASE [db_NoiThat] SET CURSOR_CLOSE_ON_COMMIT OFF 
GO
ALTER DATABASE [db_NoiThat] SET CURSOR_DEFAULT  GLOBAL 
GO
ALTER DATABASE [db_NoiThat] SET CONCAT_NULL_YIELDS_NULL OFF 
GO
ALTER DATABASE [db_NoiThat] SET NUMERIC_ROUNDABORT OFF 
GO
ALTER DATABASE [db_NoiThat] SET QUOTED_IDENTIFIER OFF 
GO
ALTER DATABASE [db_NoiThat] SET RECURSIVE_TRIGGERS OFF 
GO
ALTER DATABASE [db_NoiThat] SET  DISABLE_BROKER 
GO
ALTER DATABASE [db_NoiThat] SET AUTO_UPDATE_STATISTICS_ASYNC OFF 
GO
ALTER DATABASE [db_NoiThat] SET DATE_CORRELATION_OPTIMIZATION OFF 
GO
ALTER DATABASE [db_NoiThat] SET TRUSTWORTHY OFF 
GO
ALTER DATABASE [db_NoiThat] SET ALLOW_SNAPSHOT_ISOLATION OFF 
GO
ALTER DATABASE [db_NoiThat] SET PARAMETERIZATION SIMPLE 
GO
ALTER DATABASE [db_NoiThat] SET READ_COMMITTED_SNAPSHOT OFF 
GO
ALTER DATABASE [db_NoiThat] SET HONOR_BROKER_PRIORITY OFF 
GO
ALTER DATABASE [db_NoiThat] SET RECOVERY FULL 
GO
ALTER DATABASE [db_NoiThat] SET  MULTI_USER 
GO
ALTER DATABASE [db_NoiThat] SET PAGE_VERIFY CHECKSUM  
GO
ALTER DATABASE [db_NoiThat] SET DB_CHAINING OFF 
GO
ALTER DATABASE [db_NoiThat] SET FILESTREAM( NON_TRANSACTED_ACCESS = OFF ) 
GO
ALTER DATABASE [db_NoiThat] SET TARGET_RECOVERY_TIME = 60 SECONDS 
GO
ALTER DATABASE [db_NoiThat] SET DELAYED_DURABILITY = DISABLED 
GO
EXEC sys.sp_db_vardecimal_storage_format N'db_NoiThat', N'ON'
GO
ALTER DATABASE [db_NoiThat] SET QUERY_STORE = OFF
GO
USE db_NoiThat;
GO

SET ANSI_NULLS ON
GO
SET QUOTED_IDENTIFIER ON
GO
CREATE TABLE ChiTietDongHo(
	[chiTietDHid] [int] IDENTITY(1,1) NOT NULL,
	[typeDHid_pk] [int] NOT NULL,
	[code] [nvarchar](50) NOT NULL,
	[price] [int] NOT NULL,
	[sale] [float] NULL,
	[urlPicture] [nvarchar](300) NOT NULL,
	[urlVideo] [nvarchar](300) NULL,
	[quantity] [int] NOT NULL,
	[createDate] [datetime] NULL,
	[kieuDang] [nvarchar](50) NOT NULL,
	[nangLuong] [nvarchar](50) NULL,
	[doChiuNuoc] [int] NULL,
	[chatLieuMat] [nvarchar](50) NULL,
	[duongKinhMat] [float] NULL,
	[chatLieuDay] [nvarchar](50) NULL,
	[sizeDay] [float] NULL,
	[chatLieuVo] [nvarchar](100) NULL,
	[duongKinhVo] [float] NULL,
	[timeBaoHanh] [float] NULL,
	[active] [bit] NOT NULL,
 CONSTRAINT [PK_ChiTietDongHo] PRIMARY KEY CLUSTERED 
(
	[chiTietDHid] ASC
)WITH (PAD_INDEX = OFF, STATISTICS_NORECOMPUTE = OFF, IGNORE_DUP_KEY = OFF, ALLOW_ROW_LOCKS = ON, ALLOW_PAGE_LOCKS = ON) ON [PRIMARY]
) ON [PRIMARY]
GO
/****** Object:  Table [dbo].[comments]    Script Date: 5/10/2020 11:10:20 AM ******/
SET ANSI_NULLS ON
GO
SET QUOTED_IDENTIFIER ON
GO
CREATE TABLE [dbo].[comments](
	[commentID] [int] IDENTITY(1,1) NOT NULL,
	[userID_pk] [int] NOT NULL,
	[chiTietDHid_pk] [int] NOT NULL,
	[createDate] [datetime] NOT NULL,
	[content] [ntext] NOT NULL,
	[active] [bit] NOT NULL,
	[idCommentReplied] [int] NULL,
 CONSTRAINT [khoa_chinh_comment] PRIMARY KEY CLUSTERED 
(
	[commentID] ASC,
	[userID_pk] ASC,
	[chiTietDHid_pk] ASC
)WITH (PAD_INDEX = OFF, STATISTICS_NORECOMPUTE = OFF, IGNORE_DUP_KEY = OFF, ALLOW_ROW_LOCKS = ON, ALLOW_PAGE_LOCKS = ON) ON [PRIMARY]
) ON [PRIMARY] TEXTIMAGE_ON [PRIMARY]
GO
/****** Object:  Table [dbo].[LoaiDongHo]    Script Date: 5/10/2020 11:10:20 AM ******/
SET ANSI_NULLS ON
GO
SET QUOTED_IDENTIFIER ON
GO
CREATE TABLE [dbo].[LoaiDongHo](
	[typeDHid] [int] IDENTITY(1,1) NOT NULL,
	[nameTypeDH] [nvarchar](50) NOT NULL,
	[xuatXu] [nvarchar](50) NOT NULL,
	[hangSanXuat] [nvarchar](50) NOT NULL,
	[active] [bit] NOT NULL,
	[thuongHieu] [ntext] NULL,
 CONSTRAINT [PK_LoaiDongHo] PRIMARY KEY CLUSTERED 
(
	[typeDHid] ASC
)WITH (PAD_INDEX = OFF, STATISTICS_NORECOMPUTE = OFF, IGNORE_DUP_KEY = OFF, ALLOW_ROW_LOCKS = ON, ALLOW_PAGE_LOCKS = ON) ON [PRIMARY]
) ON [PRIMARY] TEXTIMAGE_ON [PRIMARY]
GO
/****** Object:  Table [dbo].[userLikeComment]    Script Date: 5/10/2020 11:10:20 AM ******/
SET ANSI_NULLS ON
GO
SET QUOTED_IDENTIFIER ON
GO
CREATE TABLE [dbo].[userLikeComment](
	[userID_pk] [int] NOT NULL,
	[commentID_pk] [int] NOT NULL,
 CONSTRAINT [pk_adminLikeComment] PRIMARY KEY CLUSTERED 
(
	[userID_pk] ASC,
	[commentID_pk] ASC
)WITH (PAD_INDEX = OFF, STATISTICS_NORECOMPUTE = OFF, IGNORE_DUP_KEY = OFF, ALLOW_ROW_LOCKS = ON, ALLOW_PAGE_LOCKS = ON) ON [PRIMARY]
) ON [PRIMARY]
GO
/****** Object:  Table [dbo].[users]    Script Date: 5/10/2020 11:10:20 AM ******/
SET ANSI_NULLS ON
GO
SET QUOTED_IDENTIFIER ON
GO
CREATE TABLE [dbo].[users](
	[userID] [int] IDENTITY(1,1) NOT NULL,
	[userName] [nvarchar](50) NOT NULL,
	[gioiTinh] [bit] NOT NULL,
	[urlAvatarPicture] [nvarchar](300) NULL,
	[password] [nvarchar](50) NOT NULL,
	[address] [nvarchar](200) NOT NULL,
	[phone] [nvarchar](13) NOT NULL,
	[email] [nvarchar](80) NOT NULL,
	[account] [varchar](50) NULL,
	[ngaySinh] [datetime] NULL,
	[isAdmin] [bit] NULL,
 CONSTRAINT [PK_admin] PRIMARY KEY CLUSTERED 
(
	[userID] ASC
)WITH (PAD_INDEX = OFF, STATISTICS_NORECOMPUTE = OFF, IGNORE_DUP_KEY = OFF, ALLOW_ROW_LOCKS = ON, ALLOW_PAGE_LOCKS = ON) ON [PRIMARY]
) ON [PRIMARY]
GO
SET IDENTITY_INSERT [dbo].[ChiTietDongHo] ON 

INSERT [dbo].[ChiTietDongHo] ([chiTietDHid], [typeDHid_pk], [code], [price], [sale], [urlPicture], [urlVideo], [quantity], [createDate], [kieuDang], [nangLuong], [doChiuNuoc], [chatLieuMat], [duongKinhMat], [chatLieuDay], [sizeDay], [chatLieuVo], [duongKinhVo], [timeBaoHanh], [active]) VALUES (3, 6, N'AAS-29038.45.27MB', 10980000, 0, N'ALTWatch2220204231420.jpg', N' ', 20, CAST(N'2020-04-22T11:20:55.147' AS DateTime), N'Đồng hồ nữ', N'Quatz ( Máy pin )', 3, N'Sapphire', 34, N'Thép không gỉ mạ vàng PVD', 20, N'Thép không gỉ mạ vàng PVD', 34, 10, 1)
INSERT [dbo].[ChiTietDongHo] ([chiTietDHid], [typeDHid_pk], [code], [price], [sale], [urlPicture], [urlVideo], [quantity], [createDate], [kieuDang], [nangLuong], [doChiuNuoc], [chatLieuMat], [duongKinhMat], [chatLieuDay], [sizeDay], [chatLieuVo], [duongKinhVo], [timeBaoHanh], [active]) VALUES (4, 6, N'AS-50354.45.21', 13980000, 0, N'ALTWatch1120204223044.jpg', N' ', 15, CAST(N'2020-04-22T11:30:44.200' AS DateTime), N'Đồng hồ nữ', N'Quartz (Điện tử)', 3, N'Sapphire', 28.5, N'Thép không gỉ mạ PVD', NULL, N'Thép không gỉ mạ vàng PVD', 28.5, 10, 1)
INSERT [dbo].[ChiTietDongHo] ([chiTietDHid], [typeDHid_pk], [code], [price], [sale], [urlPicture], [urlVideo], [quantity], [createDate], [kieuDang], [nangLuong], [doChiuNuoc], [chatLieuMat], [duongKinhMat], [chatLieuDay], [sizeDay], [chatLieuVo], [duongKinhVo], [timeBaoHanh], [active]) VALUES (7, 5, N'ES-7000.701.22.16.26', 14000000, 0, N'ALTWatch1720204224720.jpg', N' ', 15, CAST(N'2020-04-22T17:47:20.777' AS DateTime), N'Đồng hồ Nam', N'Quartz (Điện tử)', 5, N'Kính sapphire', 41.5, N'Dây da', 20, N'Thép không gỉ mạ vàng PVD', 41.5, 10, 1)
INSERT [dbo].[ChiTietDongHo] ([chiTietDHid], [typeDHid_pk], [code], [price], [sale], [urlPicture], [urlVideo], [quantity], [createDate], [kieuDang], [nangLuong], [doChiuNuoc], [chatLieuMat], [duongKinhMat], [chatLieuDay], [sizeDay], [chatLieuVo], [duongKinhVo], [timeBaoHanh], [active]) VALUES (8, 5, N'E-7000.701.22.15.25', 14000000, 10, N'ALTWatch2220204221137.jpg', N' ', 18, CAST(N'2020-04-22T22:11:37.980' AS DateTime), N'Đồng hồ Nam', N'Quartz (Điện tử)', 5, N'Kính sapphire', 41.5, N'Dây da', 20, N'Thép không gỉ mạ vàng PVD', 41.5, 10, 1)
INSERT [dbo].[ChiTietDongHo] ([chiTietDHid], [typeDHid_pk], [code], [price], [sale], [urlPicture], [urlVideo], [quantity], [createDate], [kieuDang], [nangLuong], [doChiuNuoc], [chatLieuMat], [duongKinhMat], [chatLieuDay], [sizeDay], [chatLieuVo], [duongKinhVo], [timeBaoHanh], [active]) VALUES (9, 5, N'ESS-8000.700.22.88.32', 22800000, 0, N'ALTWatch2220204223153.jpg', N' ', 20, CAST(N'2020-04-22T22:31:53.127' AS DateTime), N'Đồng hồ Nữ', N'Quartz (Điện tử)', 3, N'Kính sapphire', 34, N'Thép không gỉ mạ PVD', 16, N'Thép không gỉ mạ vàng PVD', 34, 10, 1)
INSERT [dbo].[ChiTietDongHo] ([chiTietDHid], [typeDHid_pk], [code], [price], [sale], [urlPicture], [urlVideo], [quantity], [createDate], [kieuDang], [nangLuong], [doChiuNuoc], [chatLieuMat], [duongKinhMat], [chatLieuDay], [sizeDay], [chatLieuVo], [duongKinhVo], [timeBaoHanh], [active]) VALUES (10, 5, N'E-3420.152.22.18.32', 39600000, 5, N'ALTWatch2320204223135.jpg', N' ', 22, CAST(N'2020-04-22T23:31:35.643' AS DateTime), N'Đồng hồ Nam', N'Automatic (Cơ tự động)', 3, N'Kính sapphire', 40, N'Thép không gỉ mạ PVD', 20, N'Thép không gỉ mạ vàng PVD', 40, 10, 1)
INSERT [dbo].[ChiTietDongHo] ([chiTietDHid], [typeDHid_pk], [code], [price], [sale], [urlPicture], [urlVideo], [quantity], [createDate], [kieuDang], [nangLuong], [doChiuNuoc], [chatLieuMat], [duongKinhMat], [chatLieuDay], [sizeDay], [chatLieuVo], [duongKinhVo], [timeBaoHanh], [active]) VALUES (11, 5, N'E-3420.156.22.20.15', 54500000, 0, N'ALTWatch2320204223441.jpg', N' ', 29, CAST(N'2020-04-22T23:34:41.127' AS DateTime), N'Đồng hồ Nam', N'Automatic (Cơ tự động)', 3, N'Kính sapphire', 40, N'Dây da', 20, N'Thép không gỉ mạ vàng PVD', 40, 10, 1)
INSERT [dbo].[ChiTietDongHo] ([chiTietDHid], [typeDHid_pk], [code], [price], [sale], [urlPicture], [urlVideo], [quantity], [createDate], [kieuDang], [nangLuong], [doChiuNuoc], [chatLieuMat], [duongKinhMat], [chatLieuDay], [sizeDay], [chatLieuVo], [duongKinhVo], [timeBaoHanh], [active]) VALUES (12, 6, N'AT-50354.45.21', 13980000, 20, N'ALTWatch232020422377.jpg', N' ', 16, CAST(N'2020-04-22T23:37:07.213' AS DateTime), N'Đồng hồ Nam', N'Quartz', 5, N'Sapphire', 42, N'Dây da', 22, N'Thép  không gỉ mạ PVD', 42, 10, 1)
INSERT [dbo].[ChiTietDongHo] ([chiTietDHid], [typeDHid_pk], [code], [price], [sale], [urlPicture], [urlVideo], [quantity], [createDate], [kieuDang], [nangLuong], [doChiuNuoc], [chatLieuMat], [duongKinhMat], [chatLieuDay], [sizeDay], [chatLieuVo], [duongKinhVo], [timeBaoHanh], [active]) VALUES (13, 6, N'AT-60347.43.11', 8980000, 0, N'ALTWatch2320204223936.jpg', N' ', 22, CAST(N'2020-04-22T23:39:36.130' AS DateTime), N'Đồng hồ Nam', N'Quartz', 5, N'Sapphire', 40, N'Thép không gỉ (mạ Demi PVD )', 20, N'Thép không gỉ (mạ Demi PVD )', 40, 10, 1)
INSERT [dbo].[ChiTietDongHo] ([chiTietDHid], [typeDHid_pk], [code], [price], [sale], [urlPicture], [urlVideo], [quantity], [createDate], [kieuDang], [nangLuong], [doChiuNuoc], [chatLieuMat], [duongKinhMat], [chatLieuDay], [sizeDay], [chatLieuVo], [duongKinhVo], [timeBaoHanh], [active]) VALUES (14, 6, N'AT-64352.41.61', 14160000, 10, N'ALTWatch2320204224144.jpg', N' ', 22, CAST(N'2020-04-22T23:41:44.917' AS DateTime), N'Đồng hồ Nam', N'Quartz (Điện tử)', 5, N'Sapphire', 42, N'Dây da', 22, N'Thép không gỉ', 42, 10, 1)
INSERT [dbo].[ChiTietDongHo] ([chiTietDHid], [typeDHid_pk], [code], [price], [sale], [urlPicture], [urlVideo], [quantity], [createDate], [kieuDang], [nangLuong], [doChiuNuoc], [chatLieuMat], [duongKinhMat], [chatLieuDay], [sizeDay], [chatLieuVo], [duongKinhVo], [timeBaoHanh], [active]) VALUES (15, 6, N'AT-63760.45.21', 23760000, 0, N'ALTWatch2320204224433.jpg', N' ', 20, CAST(N'2020-04-22T23:44:33.920' AS DateTime), N'Đồng hồ Nam', N'Automatic (Cơ tự động)', 10, N'Sapphire', 42, N'Dây da', 22, N'Thép không gỉ mạ vàng PVD', 42, 10, 1)
INSERT [dbo].[ChiTietDongHo] ([chiTietDHid], [typeDHid_pk], [code], [price], [sale], [urlPicture], [urlVideo], [quantity], [createDate], [kieuDang], [nangLuong], [doChiuNuoc], [chatLieuMat], [duongKinhMat], [chatLieuDay], [sizeDay], [chatLieuVo], [duongKinhVo], [timeBaoHanh], [active]) VALUES (16, 5, N'E-3426.132.32.68.42+E-4426.132.32.68.42', 65300000, 0, N'ALTWatch2320204224754.jpg', N' ', 44, CAST(N'2020-04-22T23:47:54.233' AS DateTime), N'Đồng hồ đôi', N'Automatic (Cơ tự động)', 5, N'Kính sapphire', 40, N'Thép không gỉ ( mạ Demi PVD )', 9.8, N'Thép không gỉ (mạ Demi PVD )', 40, 10, 1)
INSERT [dbo].[ChiTietDongHo] ([chiTietDHid], [typeDHid_pk], [code], [price], [sale], [urlPicture], [urlVideo], [quantity], [createDate], [kieuDang], [nangLuong], [doChiuNuoc], [chatLieuMat], [duongKinhMat], [chatLieuDay], [sizeDay], [chatLieuVo], [duongKinhVo], [timeBaoHanh], [active]) VALUES (17, 8, N'D DM5308B5IG', 5000000, 5, N'ALTWatch2320204225016.jpg', N' ', 11, CAST(N'2020-04-22T23:50:16.973' AS DateTime), N'Đồng hồ Nữ', N'Quartz/Pin', 3, N'Kính sapphire', 24, N'Hợp kim mạ PVD , đính đá swarovsky', 8, N'Hợp kim mạ PVD , đính đá swarovsky', 25, 5, 1)
INSERT [dbo].[ChiTietDongHo] ([chiTietDHid], [typeDHid_pk], [code], [price], [sale], [urlPicture], [urlVideo], [quantity], [createDate], [kieuDang], [nangLuong], [doChiuNuoc], [chatLieuMat], [duongKinhMat], [chatLieuDay], [sizeDay], [chatLieuVo], [duongKinhVo], [timeBaoHanh], [active]) VALUES (18, 8, N'DM38445IG', 3575000, 0, N'ALTWatch2320204225215.jpg', N' ', 20, CAST(N'2020-04-22T23:52:15.677' AS DateTime), N'Đồng hồ Nữ', N'Quartz/Pin', 3, N'Sapphire', 34, N'Thép không gỉ mạ PVD', 20, N'Thép không gỉ mạ vàng PVD', 34, 5, 1)
INSERT [dbo].[ChiTietDongHo] ([chiTietDHid], [typeDHid_pk], [code], [price], [sale], [urlPicture], [urlVideo], [quantity], [createDate], [kieuDang], [nangLuong], [doChiuNuoc], [chatLieuMat], [duongKinhMat], [chatLieuDay], [sizeDay], [chatLieuVo], [duongKinhVo], [timeBaoHanh], [active]) VALUES (19, 8, N'DM15145IG', 4265000, 0, N'ALTWatch2320204225422.jpg', N' ', 20, CAST(N'2020-04-22T23:54:22.857' AS DateTime), N'Đồng hồ Nữ', N'Quartz/Pin', 3, N'Kính sapphire', 22, N'Hợp kim mạ PVD , đính đá swarovsky', 8, N'Hợp kim mạ PVD , đính đá swarovsky', 25, 5, 1)
INSERT [dbo].[ChiTietDongHo] ([chiTietDHid], [typeDHid_pk], [code], [price], [sale], [urlPicture], [urlVideo], [quantity], [createDate], [kieuDang], [nangLuong], [doChiuNuoc], [chatLieuMat], [duongKinhMat], [chatLieuDay], [sizeDay], [chatLieuVo], [duongKinhVo], [timeBaoHanh], [active]) VALUES (20, 8, N'DM61195IG-B', 5800000, 10, N'ALTWatch232020422579.jpg', N' ', 15, CAST(N'2020-04-22T23:57:09.980' AS DateTime), N'Đồng hồ Nữ', N'Quartz/Pin', 3, N'Sapphire', 28, N'Dây da', 12, N'Hợp kim mạ PVD rose gold , đính đá swarovsky', 28, 10, 1)
INSERT [dbo].[ChiTietDongHo] ([chiTietDHid], [typeDHid_pk], [code], [price], [sale], [urlPicture], [urlVideo], [quantity], [createDate], [kieuDang], [nangLuong], [doChiuNuoc], [chatLieuMat], [duongKinhMat], [chatLieuDay], [sizeDay], [chatLieuVo], [duongKinhVo], [timeBaoHanh], [active]) VALUES (21, 8, N'DD6009C', 6752000, 11, N'ALTWatch2320204225829.jpg', N' ', 20, CAST(N'2020-04-22T23:58:29.100' AS DateTime), N'Đồng hồ nữ', N'Quartz (Điện tử)', 3, N'Kính sapphire', 34, N'Hợp kim mạ PVD , đính đá swarovsky', 22, N'Thép không gỉ (mạ Demi PVD )', 40, 10, 1)
INSERT [dbo].[ChiTietDongHo] ([chiTietDHid], [typeDHid_pk], [code], [price], [sale], [urlPicture], [urlVideo], [quantity], [createDate], [kieuDang], [nangLuong], [doChiuNuoc], [chatLieuMat], [duongKinhMat], [chatLieuDay], [sizeDay], [chatLieuVo], [duongKinhVo], [timeBaoHanh], [active]) VALUES (22, 8, N'DD6014B', 7071000, 0, N'ALTWatch02020423054.jpg', N' ', 15, CAST(N'2020-04-23T00:00:29.053' AS DateTime), N'Đồng hồ nữ', N'Quartz/Pin', 5, N'Sapphire', 30, N'Stainless Steel', 20, N'Thép không gỉ mạ vàng PVD', 40, 10, 1)
INSERT [dbo].[ChiTietDongHo] ([chiTietDHid], [typeDHid_pk], [code], [price], [sale], [urlPicture], [urlVideo], [quantity], [createDate], [kieuDang], [nangLuong], [doChiuNuoc], [chatLieuMat], [duongKinhMat], [chatLieuDay], [sizeDay], [chatLieuVo], [duongKinhVo], [timeBaoHanh], [active]) VALUES (23, 9, N'AG-L5039Z 2TRG-W', 5225000, 10, N'ALTWatch02020423637.jpg', N' ', 15, CAST(N'2020-04-23T00:06:37.397' AS DateTime), N'Đồng Hồ Nữ', N'Quartz/Pin', 3, N'Sapphire', 32, N'Stainless Steel', NULL, N'', NULL, NULL, 1)
INSERT [dbo].[ChiTietDongHo] ([chiTietDHid], [typeDHid_pk], [code], [price], [sale], [urlPicture], [urlVideo], [quantity], [createDate], [kieuDang], [nangLuong], [doChiuNuoc], [chatLieuMat], [duongKinhMat], [chatLieuDay], [sizeDay], [chatLieuVo], [duongKinhVo], [timeBaoHanh], [active]) VALUES (24, 9, N'AG-L5021 G-MB', 4725000, 0, N'ALTWatch0202042394.jpg', N' ', 20, CAST(N'2020-04-23T00:09:04.800' AS DateTime), N'Đồng hồ nữ', N'Quartz/Pin', 5, N'Sapphire', 34, N'Thép không gỉ mạ PVD', 18, N'Thép không gỉ mạ PVD', NULL, 10, 1)
INSERT [dbo].[ChiTietDongHo] ([chiTietDHid], [typeDHid_pk], [code], [price], [sale], [urlPicture], [urlVideo], [quantity], [createDate], [kieuDang], [nangLuong], [doChiuNuoc], [chatLieuMat], [duongKinhMat], [chatLieuDay], [sizeDay], [chatLieuVo], [duongKinhVo], [timeBaoHanh], [active]) VALUES (25, 9, N'AG-L9023 S-BK', 6225000, 10, N'ALTWatch020204231137.jpg', N' ', 20, CAST(N'2020-04-23T00:11:37.113' AS DateTime), N'Đồng Hồ Nam', N'Automatic ( cơ tự động )', 5, N'Sapphire', 37, N'Thép không gỉ', 20, N'Thép không gỉ', NULL, 10, 1)
INSERT [dbo].[ChiTietDongHo] ([chiTietDHid], [typeDHid_pk], [code], [price], [sale], [urlPicture], [urlVideo], [quantity], [createDate], [kieuDang], [nangLuong], [doChiuNuoc], [chatLieuMat], [duongKinhMat], [chatLieuDay], [sizeDay], [chatLieuVo], [duongKinhVo], [timeBaoHanh], [active]) VALUES (26, 9, N'AG-G9001 2TG-W', 10475000, 23, N'ALTWatch020204231325.jpg', N' ', 20, CAST(N'2020-04-23T00:13:25.180' AS DateTime), N'Đồng hồ nam', N'Automatic (Cơ)', 5, N'Sapphire', 41.3, N'Thép không gỉ mạ Demi PVD', 21, N'Thép không gỉ mạ Demi PVD', NULL, 10, 1)
INSERT [dbo].[ChiTietDongHo] ([chiTietDHid], [typeDHid_pk], [code], [price], [sale], [urlPicture], [urlVideo], [quantity], [createDate], [kieuDang], [nangLuong], [doChiuNuoc], [chatLieuMat], [duongKinhMat], [chatLieuDay], [sizeDay], [chatLieuVo], [duongKinhVo], [timeBaoHanh], [active]) VALUES (27, 9, N'AG-G100 RG-WRG+AG-L100 RG-MP', 12870000, 0, N'ALTWatch020204231540.jpg', N' ', 20, CAST(N'2020-04-23T00:15:40.483' AS DateTime), N'Đồng hồ đôi', N'Quartz/Pin', 5, N'Sapphire', 43.5, N'Dây da', 22, N'Thép không gỉ mạ PVD  rose gold', NULL, 10, 1)
INSERT [dbo].[ChiTietDongHo] ([chiTietDHid], [typeDHid_pk], [code], [price], [sale], [urlPicture], [urlVideo], [quantity], [createDate], [kieuDang], [nangLuong], [doChiuNuoc], [chatLieuMat], [duongKinhMat], [chatLieuDay], [sizeDay], [chatLieuVo], [duongKinhVo], [timeBaoHanh], [active]) VALUES (28, 9, N'AG-G1031 G-WG + AG-L1032 G-WG', 11200000, 5, N'ALTWatch020204231718.jpg', N' ', 20, CAST(N'2020-04-23T00:17:18.350' AS DateTime), N'đồng hồ đôi', N'Quartz/Pin', 5, N'Sapphire', 40, N'Stainless Steel', NULL, N'', NULL, NULL, 1)
INSERT [dbo].[ChiTietDongHo] ([chiTietDHid], [typeDHid_pk], [code], [price], [sale], [urlPicture], [urlVideo], [quantity], [createDate], [kieuDang], [nangLuong], [doChiuNuoc], [chatLieuMat], [duongKinhMat], [chatLieuDay], [sizeDay], [chatLieuVo], [duongKinhVo], [timeBaoHanh], [active]) VALUES (29, 10, N'JL-42-6H', 8670000, 10, N'ALTWatch020204232015.jpg', N' ', 20, CAST(N'2020-04-23T00:20:15.867' AS DateTime), N'Đồng hồ Nam', N'Quartz', 10, N'Hardened Crystex Crystal', 42, N'Thép không gỉ mạ Demi PVD', 22, N'Thép không gỉ mạ Demi PVD', 42, 10, 1)
INSERT [dbo].[ChiTietDongHo] ([chiTietDHid], [typeDHid_pk], [code], [price], [sale], [urlPicture], [urlVideo], [quantity], [createDate], [kieuDang], [nangLuong], [doChiuNuoc], [chatLieuMat], [duongKinhMat], [chatLieuDay], [sizeDay], [chatLieuVo], [duongKinhVo], [timeBaoHanh], [active]) VALUES (30, 10, N'JL-1-1950A', 2870000, 0, N'ALTWatch02020423220.jpg', N' ', 20, CAST(N'2020-04-23T00:22:00.417' AS DateTime), N'Đồng hồ Nam', N'Quartz (Điện tử)', 5, N'hardened crystex crystal (Kính cứng )', 38, N'Dây da', 19, N'Stainless Steel', 38, 10, 1)
INSERT [dbo].[ChiTietDongHo] ([chiTietDHid], [typeDHid_pk], [code], [price], [sale], [urlPicture], [urlVideo], [quantity], [createDate], [kieuDang], [nangLuong], [doChiuNuoc], [chatLieuMat], [duongKinhMat], [chatLieuDay], [sizeDay], [chatLieuVo], [duongKinhVo], [timeBaoHanh], [active]) VALUES (31, 10, N'JL-42-3F', 7220000, 5, N'ALTWatch020204232345.jpg', N' ', 20, CAST(N'2020-04-23T00:23:45.613' AS DateTime), N'Đồng hồ nữ', N'Quartz (Điện tử)', 10, N'hardened crystex crystal (Kính cứng )', 34, N'Thép không gỉ mạ PVD + ceramic', 17, N'Thép không gỉ mạ PVD', 34, 10, 1)
INSERT [dbo].[ChiTietDongHo] ([chiTietDHid], [typeDHid_pk], [code], [price], [sale], [urlPicture], [urlVideo], [quantity], [createDate], [kieuDang], [nangLuong], [doChiuNuoc], [chatLieuMat], [duongKinhMat], [chatLieuDay], [sizeDay], [chatLieuVo], [duongKinhVo], [timeBaoHanh], [active]) VALUES (32, 10, N'JL-1-1842.1F', 3740000, 0, N'ALTWatch020204232555.jpg', N' ', 20, CAST(N'2020-04-23T00:25:55.983' AS DateTime), N'Đồng hồ nữ', N'Quartz (Điện tử)', 5, N'hardened crystex crystal (Kính cứng )', 32, N'Thép không gỉ', 16, N'Stainless Steel', 32, 10, 1)
INSERT [dbo].[ChiTietDongHo] ([chiTietDHid], [typeDHid_pk], [code], [price], [sale], [urlPicture], [urlVideo], [quantity], [createDate], [kieuDang], [nangLuong], [doChiuNuoc], [chatLieuMat], [duongKinhMat], [chatLieuDay], [sizeDay], [chatLieuVo], [duongKinhVo], [timeBaoHanh], [active]) VALUES (33, 10, N'JL-1-1904H+JL-1-1905H', 13280000, 0, N'ALTWatch020204232758.jpg', N' ', 20, CAST(N'2020-04-23T00:27:58.057' AS DateTime), N'Đồng hồ đôi', N'Quartz (Điện tử)', 5, N'hardened crystex crystal (Kính cứng )', 30, N'Thép không rỉ', 21, N'Thép không gỉ (mạ Demi PVD )', 37, 10, 1)
INSERT [dbo].[ChiTietDongHo] ([chiTietDHid], [typeDHid_pk], [code], [price], [sale], [urlPicture], [urlVideo], [quantity], [createDate], [kieuDang], [nangLuong], [doChiuNuoc], [chatLieuMat], [duongKinhMat], [chatLieuDay], [sizeDay], [chatLieuVo], [duongKinhVo], [timeBaoHanh], [active]) VALUES (34, 10, N'JL-1-1769M+JL-1-1763F', 9220000, 10, N'ALTWatch020204232928.jpg', N' ', 15, CAST(N'2020-04-23T00:29:28.227' AS DateTime), N'Đồng hồ đôi', N'Quartz (Điện tử)', 10, N'hardened crystex crystal (Kính cứng )', 39, N'Thép không gỉ mạ PVD', 20, N'Thép không gỉ mạ PVD', 39, 10, 1)
SET IDENTITY_INSERT [dbo].[ChiTietDongHo] OFF
SET IDENTITY_INSERT [dbo].[comments] ON 

INSERT [dbo].[comments] ([commentID], [userID_pk], [chiTietDHid_pk], [createDate], [content], [active], [idCommentReplied]) VALUES (2, 11, 10, CAST(N'2020-05-07T23:20:07.943' AS DateTime), N'test bình luận', 1, NULL)
INSERT [dbo].[comments] ([commentID], [userID_pk], [chiTietDHid_pk], [createDate], [content], [active], [idCommentReplied]) VALUES (3, 11, 20, CAST(N'2020-05-07T23:20:20.860' AS DateTime), N'test bình luận 2', 1, NULL)
INSERT [dbo].[comments] ([commentID], [userID_pk], [chiTietDHid_pk], [createDate], [content], [active], [idCommentReplied]) VALUES (4, 11, 20, CAST(N'2020-05-07T23:20:26.727' AS DateTime), N'test bình luận 1', 1, NULL)
INSERT [dbo].[comments] ([commentID], [userID_pk], [chiTietDHid_pk], [createDate], [content], [active], [idCommentReplied]) VALUES (5, 11, 8, CAST(N'2020-05-08T01:18:04.857' AS DateTime), N'test bình luận', 1, NULL)
INSERT [dbo].[comments] ([commentID], [userID_pk], [chiTietDHid_pk], [createDate], [content], [active], [idCommentReplied]) VALUES (6, 8, 8, CAST(N'2020-05-08T01:18:43.020' AS DateTime), N'test bình luận 1', 1, NULL)
INSERT [dbo].[comments] ([commentID], [userID_pk], [chiTietDHid_pk], [createDate], [content], [active], [idCommentReplied]) VALUES (7, 11, 8, CAST(N'2020-05-08T01:19:36.820' AS DateTime), N'There are many variations of passages of Lorem Ipsum available, but the majority have suffered alteration in some form, by injected humour, or randomised words which don''t look even slightly believable. If you are going to use a passage of Lorem Ipsum, you need to be sure there isn''t anything embarrassing hidden in the middle of text. All the Lorem Ipsum generators on the Internet tend to repeat predefined chunks as necessary, making this the first true generator on the Internet. It uses a dictionary of over 200 Latin words, combined with a handful of model sentence structures, to generate Lorem Ipsum which looks reasonable. The generated Lorem Ipsum is therefore always free from repetition, injected humour, or non-characteristic words etc.', 1, NULL)
INSERT [dbo].[comments] ([commentID], [userID_pk], [chiTietDHid_pk], [createDate], [content], [active], [idCommentReplied]) VALUES (8, 12, 8, CAST(N'2020-05-08T01:20:54.650' AS DateTime), N'test bình luận 2', 1, NULL)
INSERT [dbo].[comments] ([commentID], [userID_pk], [chiTietDHid_pk], [createDate], [content], [active], [idCommentReplied]) VALUES (9, 11, 14, CAST(N'2020-05-08T01:23:01.203' AS DateTime), N'There are many variations of passages of Lorem Ipsum available, but the majority have suffered alteration in some form, by injected humour, or randomised words which don''t look even slightly believable. If you are going to use a passage of Lorem Ipsum, you need to be sure there isn''t anything embarrassing hidden in the middle of text. All the Lorem Ipsum generators on the Internet tend to repeat predefined chunks as necessary, making this the first true generator on the Internet. It uses a dictionary of over 200 Latin words, combined with a handful of model sentence structures, to generate Lorem Ipsum which looks reasonable. The generated Lorem Ipsum is therefore always free from repetition, injected humour, or non-characteristic words etc.', 1, NULL)
INSERT [dbo].[comments] ([commentID], [userID_pk], [chiTietDHid_pk], [createDate], [content], [active], [idCommentReplied]) VALUES (10, 9, 25, CAST(N'2020-05-08T10:18:54.180' AS DateTime), N'test bình luận 1', 1, NULL)
INSERT [dbo].[comments] ([commentID], [userID_pk], [chiTietDHid_pk], [createDate], [content], [active], [idCommentReplied]) VALUES (11, 12, 28, CAST(N'2020-05-08T10:43:24.433' AS DateTime), N'There are many variations of passages of Lorem Ipsum available, but the majority have suffered alteration in some form, by injected humour, or randomised words which don''t look even slightly believable. If you are going to use a passage of Lorem Ipsum, you need to be sure there isn''t anything embarrassing hidden in the middle of text. All the Lorem Ipsum generators on the Internet tend to repeat predefined chunks as necessary, making this the first true generator on the Internet. It uses a dictionary of over 200 Latin words, combined with a handful of model sentence structures, to generate Lorem Ipsum which looks reasonable. The generated Lorem Ipsum is therefore always free from repetition, injected humour, or non-characteristic words etc.', 1, NULL)
INSERT [dbo].[comments] ([commentID], [userID_pk], [chiTietDHid_pk], [createDate], [content], [active], [idCommentReplied]) VALUES (12, 10, 12, CAST(N'2020-05-08T12:20:53.473' AS DateTime), N'test bình luận 1', 1, NULL)
INSERT [dbo].[comments] ([commentID], [userID_pk], [chiTietDHid_pk], [createDate], [content], [active], [idCommentReplied]) VALUES (13, 10, 3, CAST(N'2020-05-08T12:27:41.273' AS DateTime), N'test bình luận', 1, NULL)
INSERT [dbo].[comments] ([commentID], [userID_pk], [chiTietDHid_pk], [createDate], [content], [active], [idCommentReplied]) VALUES (14, 10, 8, CAST(N'2020-05-08T16:02:43.207' AS DateTime), N'test bình luận 68', 1, NULL)
INSERT [dbo].[comments] ([commentID], [userID_pk], [chiTietDHid_pk], [createDate], [content], [active], [idCommentReplied]) VALUES (15, 10, 8, CAST(N'2020-05-08T16:04:05.347' AS DateTime), N'test bình luận test', 1, NULL)
INSERT [dbo].[comments] ([commentID], [userID_pk], [chiTietDHid_pk], [createDate], [content], [active], [idCommentReplied]) VALUES (16, 10, 16, CAST(N'2020-05-08T16:05:02.553' AS DateTime), N'test bình luận', 1, NULL)
SET IDENTITY_INSERT [dbo].[comments] OFF
SET IDENTITY_INSERT [dbo].[LoaiDongHo] ON 

INSERT [dbo].[LoaiDongHo] ([typeDHid], [nameTypeDH], [xuatXu], [hangSanXuat], [active], [thuongHieu]) VALUES (5, N'Đồng hồ Epos Swiss', N'Thụy Sỹ', N'Epos Swiss', 1, N'<div class="fRobotoB fs16 pb8" style="box-sizing: border-box; font-size: 16px; padding-bottom: 8px; background-size: 100%; max-width: 100%; font-family: Arial, HelveticaNeue; text-align: justify; background-color: rgb(255, 255, 255);">Thương hiệu:<a href="#" title="Đồng hồ Epos Swiss" style="box-sizing: border-box; transition: all 0.3s ease 0s; text-decoration-line: none; background-size: 100%; max-width: 100%;"><h2 style="box-sizing: border-box; font-weight: inherit; margin: 0.83em 0px; padding: 0px; background-size: 100%; max-width: 100%;">Đồng hồ Epos Swiss</h2></a></div><h3 style="box-sizing: border-box; font-weight: inherit; margin: 1em 0px; padding: 0px; background-size: 100%; max-width: 100%; font-family: Arial, HelveticaNeue; text-align: justify; background-color: rgb(255, 255, 255);">Epos là một trong top 10 hãng đồng hồ độc lập rất uy tín trong ngành đồng hồ Thụy Sỹ. Những chiếc đồng hồ được sản xuất bằng tay với bí quyết lâu đời đã tạo ra những chiếc đồng hồ tuyệt vời.</h3><p style="box-sizing: border-box; margin: 0px; padding: 0px; background-size: 100%; max-width: 100%; font-family: Arial, HelveticaNeue; font-size: 14px; text-align: justify; background-color: rgb(255, 255, 255);"></p><p style="box-sizing: border-box; margin: 0px; padding: 0px; background-size: 100%; max-width: 100%; font-family: Arial, HelveticaNeue; font-size: 14px; text-align: justify; background-color: rgb(255, 255, 255);"><em style="box-sizing: border-box; background-size: 100%; max-width: 100%;">Năm nay, tại Basel World hãng đã cho ra mắt bộ sưu tập đồng hồ cơ mỏng nhất thế giới. Với 2 cơ cấu là lên giây cót bằng tay hoặc sử dụng năng lượng tự động.</em></p><p style="box-sizing: border-box; margin: 0px; padding: 0px; background-size: 100%; max-width: 100%; font-family: Arial, HelveticaNeue; font-size: 14px; background-color: rgb(255, 255, 255); text-align: center;"><em style="box-sizing: border-box; background-size: 100%; max-width: 100%;"><a class="example-image-link countimg0" href="#" data-lightbox="example-1" style="box-sizing: border-box; transition: all 0.3s ease 0s; text-decoration-line: none; background-size: 100%; max-width: 100%;"><img src="/images/b4.jpg"></a></em></p><p style="box-sizing: border-box; margin: 0px; padding: 0px; background-size: 100%; max-width: 100%; font-family: Arial, HelveticaNeue; font-size: 14px; text-align: justify; background-color: rgb(255, 255, 255);"><em style="box-sizing: border-box; background-size: 100%; max-width: 100%;">Thụy Sĩ đã đạt được danh tiếng trên toàn thế giới qua nhiều thế kỷ, nhờ tinh thần tiên phong và ý nghĩ độc đáo trong sự gia công hoàn hảo của đồng hồ. Nhiệm vụ EPOS là trở thành một người giám hộ, là thước đo của các giá trị truyền thống và các tiêu chuẩn cao.&nbsp;<a href="#" style="box-sizing: border-box; transition: all 0.3s ease 0s; text-decoration-line: none; background-size: 100%; max-width: 100%;"><strong style="box-sizing: border-box; background-size: 100%; max-width: 100%;">Đồng hồ EPOS</strong></a>&nbsp;được thiết kế và phát triển với niềm đam mê, được sản xuất với độ chính xác bởi những người thợ trong dãy núi Jura và những chuyên gia thời trang tại các hội thảo Vallée de Joux, được lắp ráp với sự tỉ mỉ, tinh xảo tại Grenchen, khu vực nổi tiếng nhất trong di sản đồng hồ thế giới.</em></p><p style="box-sizing: border-box; margin: 0px; padding: 0px; background-size: 100%; max-width: 100%; font-family: Arial, HelveticaNeue; font-size: 14px; text-align: justify; background-color: rgb(255, 255, 255);">&nbsp;</p><p style="box-sizing: border-box; margin: 0px; padding: 0px; background-size: 100%; max-width: 100%; font-family: Arial, HelveticaNeue; font-size: 14px; background-color: rgb(255, 255, 255); text-align: center;"><em style="box-sizing: border-box; background-size: 100%; max-width: 100%;"><a class="example-image-link countimg1" href="#" data-lightbox="example-1" style="box-sizing: border-box; transition: all 0.3s ease 0s; text-decoration-line: none; background-size: 100%; max-width: 100%;"><img src="/images/b9.jpg"></a></em></p><p style="box-sizing: border-box; margin: 0px; padding: 0px; background-size: 100%; max-width: 100%; font-family: Arial, HelveticaNeue; font-size: 14px; text-align: justify; background-color: rgb(255, 255, 255);"><em style="box-sizing: border-box; background-size: 100%; max-width: 100%;">Điều đặc biệt nhất của đồng hồ EPOS là chuyển động cơ học của nó. Các cơ chế cơ bản đến từ các nhà sản xuất Thụy Sĩ nổi tiếng, sau đó được biến đổi bởi các nhà thiết kế đồng hồ EPOS, người thêm chức năng đặc biệt và trang trí tuyệt đẹp. Những sáng tạo mới được sản xuất trong xưởng Jean Fillon, James Aubert SA, được dựa trên chuyển động cổ điển lịch sử, không còn trong sản xuất. Sau khi hoàn thành, tuyệt tác được trang trí rất cẩn thận, thường bằng tay. Gần như tất cả các mô hình EPOS được trang bị một “caseback” tinh thể cho phép chủ nhân của nó để chiêm ngưỡng tác phẩm.</em></p><p style="box-sizing: border-box; margin: 0px; padding: 0px; background-size: 100%; max-width: 100%; font-family: Arial, HelveticaNeue; font-size: 14px; background-color: rgb(255, 255, 255); text-align: center;"><em style="box-sizing: border-box; background-size: 100%; max-width: 100%;"><a class="example-image-link countimg2" href="#" data-lightbox="example-1" style="box-sizing: border-box; transition: all 0.3s ease 0s; text-decoration-line: none; background-size: 100%; max-width: 100%;"><img src="/images/b5.jpg"></a></em></p><p style="box-sizing: border-box; margin: 0px; padding: 0px; background-size: 100%; max-width: 100%; font-family: Arial, HelveticaNeue; font-size: 14px; text-align: justify; background-color: rgb(255, 255, 255);"><em style="box-sizing: border-box; background-size: 100%; max-width: 100%;">EPOS cung cấp đồng hồ cơ khí chất lượng cao với các chức năng thú vị nhưng giá cả phải chăng. EPOS hoàn thành sứ mệnh với sự đam mê, theo di sản truyền thống đồng hồ Thụy Sĩ, họ xứng đáng được gọi là "Thước đo nghệ thuật“ của đồng hồ thế giới.</em></p><p style="box-sizing: border-box; margin: 0px; padding: 0px; background-size: 100%; max-width: 100%; font-family: Arial, HelveticaNeue; font-size: 14px; background-color: rgb(255, 255, 255); text-align: center;"><em style="box-sizing: border-box; background-size: 100%; max-width: 100%;"><a class="example-image-link countimg3" href="#" data-lightbox="example-1" style="box-sizing: border-box; transition: all 0.3s ease 0s; text-decoration-line: none; background-size: 100%; max-width: 100%;"><img src="/images/b2.jpg"></a></em></p><p style="box-sizing: border-box; margin: 0px; padding: 0px; background-size: 100%; max-width: 100%; font-family: Arial, HelveticaNeue; font-size: 14px; text-align: justify; background-color: rgb(255, 255, 255);"><em style="box-sizing: border-box; background-size: 100%; max-width: 100%;">Sản phẩm mang vẻ thanh nhã, lịch lãm cho khách hàng là các doanh nhân thành đạt.</em></p>')
INSERT [dbo].[LoaiDongHo] ([typeDHid], [nameTypeDH], [xuatXu], [hangSanXuat], [active], [thuongHieu]) VALUES (6, N'Đồng hồ Atlantic Swiss', N'Thụy Sỹ', N'Atlantic', 1, N'<div class="fRobotoB fs16 pb8" style="box-sizing: border-box; font-size: 16px; padding-bottom: 8px; background-size: 100%; max-width: 100%; font-family: Arial, HelveticaNeue; text-align: justify; background-color: rgb(255, 255, 255);">Thương hiệu:<a href="#" title="Đồng hồ Atlantic Swiss" style="box-sizing: border-box; transition: all 0.3s ease 0s; text-decoration-line: none; background-size: 100%; max-width: 100%;"><h2 style="box-sizing: border-box; font-weight: inherit; margin: 0.83em 0px; padding: 0px; background-size: 100%; max-width: 100%;">Đồng hồ Atlantic Swiss</h2></a></div><h3 style="box-sizing: border-box; font-weight: inherit; margin: 1em 0px; padding: 0px; background-size: 100%; max-width: 100%; font-family: Arial, HelveticaNeue; text-align: justify; background-color: rgb(255, 255, 255);">Atlantic là một trong những thương hiệu hàng đầu thế giới được thành lập vào năm 1888 bởi Eduard Kummer, một trong những nhà tiên phong đặt nền móng cho ngành sản xuất đồng hồ cao cấp Thụy Sĩ.</h3><p style="box-sizing: border-box; margin: 0px; padding: 0px; background-size: 100%; max-width: 100%; font-family: Arial, HelveticaNeue; font-size: 14px; text-align: justify; background-color: rgb(255, 255, 255);"></p><p style="box-sizing: border-box; margin: 0px; padding: 0px; background-size: 100%; max-width: 100%; font-family: Arial, HelveticaNeue; font-size: 14px; text-align: justify; background-color: rgb(255, 255, 255);">&nbsp; Trải qua hơn 125 năm tồn tại và phát triển thịnh vượng. Đồng hồ Atlantic thể hiện cái tôi chuẩn mực nhưng phóng khoáng, một tầm nhìn xa, sâu sắc như chính tên thương hiệu&nbsp;<a href="/" style="box-sizing: border-box; transition: all 0.3s ease 0s; text-decoration-line: none; background-size: 100%; max-width: 100%;">đồng hồ</a>. Với hàm ý của người sáng lập muốn sản phẩm như biển Đại Tây Dương rộng lớn, bao la và sâu thẳm. Ngoài ra, Atlantic còn là tên của một &nbsp;thành phố, một triều đại phồn thịnh cách đây hàng ngàn năm thống trị thế giới lúc đó. Câu chuyện huyền thoại đã thổi hồn vào các sản phẩm Atlantic như muốn nói với khách hàng một điều rằng Atlantic đẹp, chuẩn mực và rất tuyệt diệu. Và sở hữu những sản phẩm tuyệt vời này chỉ có những người thành đạt, tự tin, luôn luôn tiên phong trong suy nghĩ cũng như hành động.</p><p style="box-sizing: border-box; margin: 0px; padding: 0px; background-size: 100%; max-width: 100%; font-family: Arial, HelveticaNeue; font-size: 14px; background-color: rgb(255, 255, 255); text-align: center;"><a class="example-image-link countimg0" href="#" data-lightbox="example-1" style="box-sizing: border-box; transition: all 0.3s ease 0s; text-decoration-line: none; background-size: 100%; max-width: 100%;"><img src="/images/b3.jpg"></a></p><p style="box-sizing: border-box; margin: 0px; padding: 0px; background-size: 100%; max-width: 100%; font-family: Arial, HelveticaNeue; font-size: 14px; background-color: rgb(255, 255, 255); text-align: center;"><img src="/images/b8.jpg"></p><p style="box-sizing: border-box; margin: 0px; padding: 0px; background-size: 100%; max-width: 100%; font-family: Arial, HelveticaNeue; font-size: 14px; text-align: justify; background-color: rgb(255, 255, 255);">&nbsp;</p><p style="box-sizing: border-box; margin: 0px; padding: 0px; background-size: 100%; max-width: 100%; font-family: Arial, HelveticaNeue; font-size: 14px; text-align: justify; background-color: rgb(255, 255, 255);">&nbsp;&nbsp; Trong những năm đầu tiên khởi nghiệp với niềm đam mê bất tận đem đến cho khách hàng sản phẩm hoàn hảo cả về chất lượng lẫn phong cách. Đồng hồ Atlantic đã dần chiếm được cảm tình của khách hàng thượng lưu khó tính nhất. Bởi mỗi chiếc đồng hồ không chỉ được trang bị cỗ máy đo thời gian tuyệt hảo mà còn được trau chuốt tinh tế đến từng chi tiết nhỏ như đánh bóng vỏ kim loại, kính chống xước và va đập, dây da cá sấu từ vùng nam Mỹ…</p><p style="box-sizing: border-box; margin: 0px; padding: 0px; background-size: 100%; max-width: 100%; font-family: Arial, HelveticaNeue; font-size: 14px; background-color: rgb(255, 255, 255); text-align: center;"><a class="example-image-link countimg2" href="#" data-lightbox="example-1" style="box-sizing: border-box; transition: all 0.3s ease 0s; text-decoration-line: none; background-size: 100%; max-width: 100%;"><img src="/images/b6.jpg"></a></p><p style="box-sizing: border-box; margin: 0px; padding: 0px; background-size: 100%; max-width: 100%; font-family: Arial, HelveticaNeue; font-size: 14px; background-color: rgb(255, 255, 255); text-align: center;"><a class="example-image-link countimg3" href="#" data-lightbox="example-1" style="box-sizing: border-box; transition: all 0.3s ease 0s; text-decoration-line: none; background-size: 100%; max-width: 100%;"><img src="/images/b1.jpg"></a></p><p style="box-sizing: border-box; margin: 0px; padding: 0px; background-size: 100%; max-width: 100%; font-family: Arial, HelveticaNeue; font-size: 14px; text-align: justify; background-color: rgb(255, 255, 255);">&nbsp;</p><p style="box-sizing: border-box; margin: 0px; padding: 0px; background-size: 100%; max-width: 100%; font-family: Arial, HelveticaNeue; font-size: 14px; text-align: justify; background-color: rgb(255, 255, 255);">Tại triển lãm đồng hồ lớn nhất thế giới tổ chức hàng năm tại Basel Thụy Sỹ, Đăng Quang Watch vinh dự trở thành công ty duy nhất tại Việt Nam nhập khẩu và phân phối độc quyền thương hiệu 100% Thụy Sỹ Atlantic. Sản phẩm phù hợp với khách hàng là các doanh nhân thành đạt, những người có cá tính mạnh mẽ, luôn luôn theo đuổi mục tiêu của mình.&nbsp;</p>')
INSERT [dbo].[LoaiDongHo] ([typeDHid], [nameTypeDH], [xuatXu], [hangSanXuat], [active], [thuongHieu]) VALUES (8, N'Đồng hồ Diamond D', N'China', N'Công ty Diamond D', 1, N'<div class="fRobotoB fs16 pb8" style="box-sizing: border-box; font-size: 16px; padding-bottom: 8px; background-size: 100%; max-width: 100%; font-family: Arial, HelveticaNeue; text-align: justify; background-color: rgb(255, 255, 255);">Thương hiệu:<a href="#" title="Đồng hồ Diamond D" style="box-sizing: border-box; transition: all 0.3s ease 0s; text-decoration-line: none; background-size: 100%; max-width: 100%;"><h2 style="box-sizing: border-box; font-weight: inherit; margin: 0.83em 0px; padding: 0px; background-size: 100%; max-width: 100%;">Đồng hồ Diamond D</h2></a></div><h3 style="box-sizing: border-box; font-weight: inherit; margin: 1em 0px; padding: 0px; background-size: 100%; max-width: 100%; font-family: Arial, HelveticaNeue; text-align: justify; background-color: rgb(255, 255, 255);">Đồng hồ Diamond D mang đến cho khách hàng vẻ đẹp tinh tế, vĩnh cửu như những viên kim cương thuần khiết được tạo nên qua quá trình hàng triệu năm. Với thiết kế tinh xảo, mặt kính sử dụng đá saphia chống xước hoàn toàn đem đến cho quý khách một sản phẩm hoàn hảo với chất lượng vượt trội. Đó là vẻ đẹp vĩnh cửu. Sản phẩm được bảo hành trọn đời.</h3><p style="box-sizing: border-box; margin: 0px; padding: 0px; background-size: 100%; max-width: 100%; font-family: Arial, HelveticaNeue; font-size: 14px; text-align: justify; background-color: rgb(255, 255, 255);"></p><p style="box-sizing: border-box; margin: 0px; padding: 0px; background-size: 100%; max-width: 100%; font-family: Arial, HelveticaNeue; font-size: 14px; text-align: justify; background-color: rgb(255, 255, 255);"><a href="#" style="box-sizing: border-box; transition: all 0.3s ease 0s; text-decoration-line: none; background-size: 100%; max-width: 100%;">Đồng hồ nữ</a>&nbsp;được thiết kế mang phong cách của hoàng gia nên mỗi sản phẩm đều là một tác phẩm nghệ thuật. Sản phẩm thiết kế theo tinh thần và gu thẩm mỹ của công nương Diana.</p><p style="box-sizing: border-box; margin: 0px; padding: 0px; background-size: 100%; max-width: 100%; font-family: Arial, HelveticaNeue; font-size: 14px; background-color: rgb(255, 255, 255); text-align: center;"><a class="example-image-link countimg4" href="#" data-lightbox="example-1" style="box-sizing: border-box; transition: all 0.3s ease 0s; text-decoration-line: none; background-size: 100%; max-width: 100%;"><img src="/images/b2.jpg"></a></p><p style="box-sizing: border-box; margin: 0px; padding: 0px; background-size: 100%; max-width: 100%; font-family: Arial, HelveticaNeue; font-size: 14px; background-color: rgb(255, 255, 255); text-align: center;"><a class="example-image-link countimg5" href="#" data-lightbox="example-1" style="box-sizing: border-box; transition: all 0.3s ease 0s; text-decoration-line: none; background-size: 100%; max-width: 100%;"><img src="/images/c4.jpg"></a></p><p style="box-sizing: border-box; margin: 0px; padding: 0px; background-size: 100%; max-width: 100%; font-family: Arial, HelveticaNeue; font-size: 14px; background-color: rgb(255, 255, 255); text-align: center;"><a class="example-image-link countimg6" href="#" data-lightbox="example-1" style="box-sizing: border-box; transition: all 0.3s ease 0s; text-decoration-line: none; background-size: 100%; max-width: 100%;"><img src="/images/c3.jpg"></a></p><p style="box-sizing: border-box; margin: 0px; padding: 0px; background-size: 100%; max-width: 100%; font-family: Arial, HelveticaNeue; font-size: 14px; background-color: rgb(255, 255, 255); text-align: center;"><a class="example-image-link countimg7" href="#" data-lightbox="example-1" style="box-sizing: border-box; transition: all 0.3s ease 0s; text-decoration-line: none; background-size: 100%; max-width: 100%;"><img src="/images/c2.jpg"></a></p><p style="box-sizing: border-box; margin: 0px; padding: 0px; background-size: 100%; max-width: 100%; font-family: Arial, HelveticaNeue; font-size: 14px; text-align: justify; background-color: rgb(255, 255, 255);">Tại Việt Nam, Đăng Quang Watch được lựa chọn là nhà phân phối độc quyền sản phẩm&nbsp;<a href="#" style="box-sizing: border-box; transition: all 0.3s ease 0s; text-decoration-line: none; background-size: 100%; max-width: 100%;"><strong style="box-sizing: border-box; background-size: 100%; max-width: 100%;">đồng hồ Diamond D</strong></a>&nbsp;của chúng tôi.&nbsp;</p><p style="text-align: center; box-sizing: border-box; margin: 0px; padding: 0px; background-size: 100%; max-width: 100%; font-family: Arial, HelveticaNeue; font-size: 14px; background-color: rgb(255, 255, 255);"><img src="/images/c1.jpg"></p><p style="text-align: left; box-sizing: border-box; margin: 0px; padding: 0px; background-size: 100%; max-width: 100%; font-family: Arial, HelveticaNeue; font-size: 14px; background-color: rgb(255, 255, 255);"><span style="text-align: justify;">Diamond D Watch – Beauty is Forever - Vẻ đẹp vĩnh cửu</span></p>')
INSERT [dbo].[LoaiDongHo] ([typeDHid], [nameTypeDH], [xuatXu], [hangSanXuat], [active], [thuongHieu]) VALUES (9, N'Đồng hồ Aries Gold', N'Singapore', N'Aries Gold', 1, N'<div class="fRobotoB fs16 pb8" style="box-sizing: border-box; font-size: 16px; padding-bottom: 8px; background-size: 100%; max-width: 100%; font-family: Arial, HelveticaNeue; text-align: justify; background-color: rgb(255, 255, 255);">Thương hiệu:<a href="#" title="Đồng hồ Aries Gold" style="box-sizing: border-box; transition: all 0.3s ease 0s; text-decoration-line: none; background-size: 100%; max-width: 100%;"><h2 style="box-sizing: border-box; font-weight: inherit; margin: 0.83em 0px; padding: 0px; background-size: 100%; max-width: 100%;">Đồng hồ Aries Gold</h2></a></div><h3 style="box-sizing: border-box; font-weight: inherit; margin: 1em 0px; padding: 0px; background-size: 100%; max-width: 100%; font-family: Arial, HelveticaNeue; text-align: justify; background-color: rgb(255, 255, 255);">Aries Gold là hãng đồng hồ được thành lập vào năm 1928 bởi một nhóm kỹ sư Châu Âu tại Thụy Sỹ, họ cùng chung một mục đích: tạo ra những chiếc đồng hồ cao cấp mạnh mẽ và có độ chính xác cao.</h3><p style="box-sizing: border-box; margin: 0px; padding: 0px; background-size: 100%; max-width: 100%; font-family: Arial, HelveticaNeue; font-size: 14px; text-align: justify; background-color: rgb(255, 255, 255);"></p><p style="box-sizing: border-box; margin: 0px; padding: 0px; background-size: 100%; max-width: 100%; font-family: Arial, HelveticaNeue; font-size: 14px; text-align: justify; background-color: rgb(255, 255, 255);">&nbsp;Mong muốn phát huy những tinh hoa di sản của đồng hồ Thụy Sĩ. Aries Gold sớm trở thành một thương hiệu uy tín, cao cấp quốc tế. Đối với các nhà thiết kế và kỹ sư của Aries Gold &nbsp;niềm đam mê sản xuất đồng hồ chính là &nbsp;nguồn cảm hứng sáng tạo để chế tác những sản phẩm chất lượng cao nhất.&nbsp;Mỗi chiếc đồng hồ Aries Gold đều được hoàn thành dưới bàn tay tỉ mỉ, dày dặn kỹ năng và kinh nghiệm của các nghệ nhân bậc thầy .&nbsp;</p><p style="box-sizing: border-box; margin: 0px; padding: 0px; background-size: 100%; max-width: 100%; font-family: Arial, HelveticaNeue; font-size: 14px; background-color: rgb(255, 255, 255); text-align: center;"><img src="/images/b8.jpg"></p><p style="box-sizing: border-box; margin: 0px; padding: 0px; background-size: 100%; max-width: 100%; font-family: Arial, HelveticaNeue; font-size: 14px; text-align: justify; background-color: rgb(255, 255, 255);">Vượt quá sự mong đợi của những ai đang sở hữu một chiếc&nbsp;<a href="/" style="box-sizing: border-box; transition: all 0.3s ease 0s; text-decoration-line: none; background-size: 100%; max-width: 100%;">đồng hồ đeo tay</a>&nbsp;Aries Gold bên cạnh độ chính xác cao về mặt thời gian, sự tinh tế trong mỗi thiết kế đã chinh phục và làm hài long những khách hãng khó tính.</p><p style="box-sizing: border-box; margin: 0px; padding: 0px; background-size: 100%; max-width: 100%; font-family: Arial, HelveticaNeue; font-size: 14px; background-color: rgb(255, 255, 255); text-align: center;"><a class="example-image-link countimg5" href="#" data-lightbox="example-1" style="box-sizing: border-box; transition: all 0.3s ease 0s; text-decoration-line: none; background-size: 100%; max-width: 100%;"><img src="/images/c3.jpg"></a></p><p style="box-sizing: border-box; margin: 0px; padding: 0px; background-size: 100%; max-width: 100%; font-family: Arial, HelveticaNeue; font-size: 14px; text-align: justify; background-color: rgb(255, 255, 255);">Hiện nay, thương hiệu Aries Gold đã hiện diện bền vững tại 11 quốc gia trên toàn thế giới với hơn 200 điểm bán hàng. Tại Việt Nam Aries Gold là một trong những thương hiệu mạnh được Đăng Quang Watch phân phối độc quyền. Với sự đa dạng trong thiết kế,của cả&nbsp;<a href="#" style="box-sizing: border-box; transition: all 0.3s ease 0s; text-decoration-line: none; background-size: 100%; max-width: 100%;">đồng hồ nam</a>&nbsp;và&nbsp;<a href="#" style="box-sizing: border-box; transition: all 0.3s ease 0s; text-decoration-line: none; background-size: 100%; max-width: 100%;">đồng hồ nữ</a>,khách hàng sẽ dễ dàng hơn trong việc lựa chọn sản phẩm phù hợp với cá tính, phong cách của mình.</p><p style="box-sizing: border-box; margin: 0px; padding: 0px; background-size: 100%; max-width: 100%; font-family: Arial, HelveticaNeue; font-size: 14px; background-color: rgb(255, 255, 255); text-align: center;"><a class="example-image-link countimg6" href="#" data-lightbox="example-1" style="box-sizing: border-box; transition: all 0.3s ease 0s; text-decoration-line: none; background-size: 100%; max-width: 100%;"><img src="/images/b5.jpg"></a></p><p style="box-sizing: border-box; margin: 0px; padding: 0px; background-size: 100%; max-width: 100%; font-family: Arial, HelveticaNeue; font-size: 14px; background-color: rgb(255, 255, 255); text-align: center;"><img src="/images/b2.jpg"></p><p style="box-sizing: border-box; margin: 0px; padding: 0px; background-size: 100%; max-width: 100%; font-family: Arial, HelveticaNeue; font-size: 14px; text-align: justify; background-color: rgb(255, 255, 255);">Khách hàng có thể xem và mua hàng tại&nbsp;Website chính thức hoặc tại hệ thống showroom của chúng tôi trên toàn quốc</p>')
INSERT [dbo].[LoaiDongHo] ([typeDHid], [nameTypeDH], [xuatXu], [hangSanXuat], [active], [thuongHieu]) VALUES (10, N'Đồng hồ Jacques Lemans', N'Áo', N'Jacques Lemans', 1, N'<div class="fRobotoB fs16 pb8" style="box-sizing: border-box; font-size: 16px; padding-bottom: 8px; background-size: 100%; max-width: 100%; font-family: Arial, HelveticaNeue; text-align: justify; background-color: rgb(255, 255, 255);">Thương hiệu:<a href="#" title="Đồng hồ Jacques Lemans" style="box-sizing: border-box; transition: all 0.3s ease 0s; text-decoration-line: none; background-size: 100%; max-width: 100%;"><h2 style="box-sizing: border-box; font-weight: inherit; margin: 0.83em 0px; padding: 0px; background-size: 100%; max-width: 100%;">Đồng hồ Jacques Lemans</h2></a></div><h3 style="box-sizing: border-box; font-weight: inherit; margin: 1em 0px; padding: 0px; background-size: 100%; max-width: 100%; font-family: Arial, HelveticaNeue; text-align: justify; background-color: rgb(255, 255, 255);">Jacques Lemans là hãng sản xuất đồng hồ quốc tế có trụ sở tại Carinthia / Áo, ra đời năm 1975, Jacques Lemans đã tiếp thu được các thành tựu công nghệ mới của ngành chế tạo đồng hồ Thụy Sỹ và sớm thành công trên thị trường đồng hồ thế giới.</h3><p style="box-sizing: border-box; margin: 0px; padding: 0px; background-size: 100%; max-width: 100%; font-family: Arial, HelveticaNeue; font-size: 14px; text-align: justify; background-color: rgb(255, 255, 255);"></p><p style="box-sizing: border-box; margin: 0px; padding: 0px; background-size: 100%; max-width: 100%; font-family: Arial, HelveticaNeue; font-size: 14px; text-align: justify; background-color: rgb(255, 255, 255);">Ra đời năm 1975 tại Carinthia / Áo, Jacques Lemans đã tiếp thu được các thành tựu công nghệ mới của ngành chế tạo đồng hồ và sớm thành công trên thị trường đồng hồ, có mặt tại 120 nước trên toàn thế giới.&nbsp;Jacques Lemans là hãng đồng hồ duy nhất được mang logo Formula 1&nbsp;TM (giải đua ôtô công thức 1) trên đồng hồ dòng thể thao.</p><p style="box-sizing: border-box; margin: 0px; padding: 0px; background-size: 100%; max-width: 100%; font-family: Arial, HelveticaNeue; font-size: 14px; background-color: rgb(255, 255, 255); text-align: center;"><a class="example-image-link countimg0" href="
#" data-lightbox="example-1" style="box-sizing: border-box; transition: all 0.3s ease 0s; text-decoration-line: none; background-size: 100%; max-width: 100%;"><img src="/images/c2.jpg"></a></p><p style="box-sizing: border-box; margin: 0px; padding: 0px; background-size: 100%; max-width: 100%; font-family: Arial, HelveticaNeue; font-size: 14px; text-align: justify; background-color: rgb(255, 255, 255);">Với chiến lược thị trường mới, gần đây hãng đã điều chỉnh lại cơ cấu sản phẩm cho phù hợp chuyển từ Jacques Lemans&nbsp;of Switzerland thành Jacques Lemans&nbsp;Geneve, phân nhánh từ Harmony of Time thành ba dòng mới là Classic, La Passion và Sport với nhiểu kiểu dáng độc đáo, đa dạng với các phong cách từ thể thao cho đến thanh lịch chính vì vậy nó được nhiều khách hàng ưa chuộng<br style="box-sizing: border-box; background-size: 100%; max-width: 100%;">&nbsp;</p><p style="box-sizing: border-box; margin: 0px; padding: 0px; background-size: 100%; max-width: 100%; font-family: Arial, HelveticaNeue; font-size: 14px; background-color: rgb(255, 255, 255); text-align: center;"><a class="example-image-link countimg1" href="#" data-lightbox="example-1" style="box-sizing: border-box; transition: all 0.3s ease 0s; text-decoration-line: none; background-size: 100%; max-width: 100%;"><img src="/images/b11.jpg"></a></p><p style="box-sizing: border-box; margin: 0px; padding: 0px; background-size: 100%; max-width: 100%; font-family: Arial, HelveticaNeue; font-size: 14px; text-align: justify; background-color: rgb(255, 255, 255);">Jacques Lemans Geneve được sản xuất theo các chuẩn mực cao như: vỏ và dây đều được làm từ thép siêu cứng chất lượng cao L316, nếu là dây da đều được làm từ da cá sấu, mặt kính sapphire, dùng máy tiêu chuẩn ETA của Thụy sỹ hoặc với một số mẫu đặc biệt dùng máy tốt nhất của Thụy sỹ là Valjoux. Các dòng sản phẩm thông thường như đồng hồ quatz (điện tử) dùng máy Ronda (Thụysỹ) và Miyota (Nhật).</p><p style="box-sizing: border-box; margin: 0px; padding: 0px; background-size: 100%; max-width: 100%; font-family: Arial, HelveticaNeue; font-size: 14px; background-color: rgb(255, 255, 255); text-align: center;"><img src="/images/b4.jpg"><a class="example-image-link countimg2" href="#" data-lightbox="example-1" style="box-sizing: border-box; transition: all 0.3s ease 0s; text-decoration-line: none; background-size: 100%; max-width: 100%;"><br></a><br style="box-sizing: border-box; background-size: 100%; max-width: 100%;">&nbsp;</p><p style="box-sizing: border-box; margin: 0px; padding: 0px; background-size: 100%; max-width: 100%; font-family: Arial, HelveticaNeue; font-size: 14px; text-align: justify; background-color: rgb(255, 255, 255);">Tại triển lãm đồng hồ lớn nhất thế giới diễn ra ở Thụy Sỹ năm 2015,&nbsp;Đăng Quang Watch đã kết hợp với hãng để trở thành nhà phân phối độc quyền cho Jacques Lemans tại Việt Nam. Sự có mặt của Jacques Lemans đem đến sự lựa chọn thú vị cho đông đảo người tiêu dung Việt Nam và với những sản phẩm cao cấp, xứng đáng đồ sưu tầm đối với người sành điệu.</p><p style="box-sizing: border-box; margin: 0px; padding: 0px; background-size: 100%; max-width: 100%; font-family: Arial, HelveticaNeue; font-size: 14px; background-color: rgb(255, 255, 255); text-align: center;"><a class="example-image-link countimg3" href="#" data-lightbox="example-1" style="box-sizing: border-box; transition: all 0.3s ease 0s; text-decoration-line: none; background-size: 100%; max-width: 100%;"><img src="/images/b2.jpg"></a></p>')
SET IDENTITY_INSERT [dbo].[LoaiDongHo] OFF
INSERT [dbo].[userLikeComment] ([userID_pk], [commentID_pk]) VALUES (8, -1)
INSERT [dbo].[userLikeComment] ([userID_pk], [commentID_pk]) VALUES (8, 5)
INSERT [dbo].[userLikeComment] ([userID_pk], [commentID_pk]) VALUES (9, -1)
INSERT [dbo].[userLikeComment] ([userID_pk], [commentID_pk]) VALUES (9, 5)
INSERT [dbo].[userLikeComment] ([userID_pk], [commentID_pk]) VALUES (9, 8)
INSERT [dbo].[userLikeComment] ([userID_pk], [commentID_pk]) VALUES (10, 12)
INSERT [dbo].[userLikeComment] ([userID_pk], [commentID_pk]) VALUES (11, -1)
INSERT [dbo].[userLikeComment] ([userID_pk], [commentID_pk]) VALUES (11, 5)
INSERT [dbo].[userLikeComment] ([userID_pk], [commentID_pk]) VALUES (11, 7)
INSERT [dbo].[userLikeComment] ([userID_pk], [commentID_pk]) VALUES (11, 16)
INSERT [dbo].[userLikeComment] ([userID_pk], [commentID_pk]) VALUES (12, -1)
INSERT [dbo].[userLikeComment] ([userID_pk], [commentID_pk]) VALUES (12, 8)
SET IDENTITY_INSERT [dbo].[users] ON 

INSERT [dbo].[users] ([userID], [userName], [gioiTinh], [urlAvatarPicture], [password], [address], [phone], [email], [account], [ngaySinh], [isAdmin]) VALUES (1, N'phạm thị quỳnh', 0, N'avatar1.jpg', N'9345b4b86fefffc596d7b8fd7f59a1ff', N'thanh hóa', N'01234567891', N'qwerqwr@àlkajf', N'admin1', CAST(N'1990-07-21T00:00:00.000' AS DateTime), 1)
INSERT [dbo].[users] ([userID], [userName], [gioiTinh], [urlAvatarPicture], [password], [address], [phone], [email], [account], [ngaySinh], [isAdmin]) VALUES (2, N'Trần Thị Hằng', 1, N'avartar2.jpg', N'827ccb0eea8a706c4c34a16891f84e7b', N'thanh trì', N'01234567899', N'chi@gmai.com', N'ad2', CAST(N'2993-11-28T00:00:00.000' AS DateTime), 1)
INSERT [dbo].[users] ([userID], [userName], [gioiTinh], [urlAvatarPicture], [password], [address], [phone], [email], [account], [ngaySinh], [isAdmin]) VALUES (3, N'Võ Trang Nhung', 1, N'avartar3.jpg', N'b3e2026d10e46df62f0d1cdfa85d7aaa', N'thanh', N'098667809', N'adkweeoi@gmail.com', N'ad3', CAST(N'1996-02-15T00:00:00.000' AS DateTime), 1)
INSERT [dbo].[users] ([userID], [userName], [gioiTinh], [urlAvatarPicture], [password], [address], [phone], [email], [account], [ngaySinh], [isAdmin]) VALUES (4, N'minh khang', 0, N'avatar5.jpg', N'c51e9d44a659ecf9512e1a2844416d9b', N'thanh hóa', N'02342323435', N'ksoiwer@aldk.com', N'ad1', CAST(N'1989-03-30T00:00:00.000' AS DateTime), 1)
INSERT [dbo].[users] ([userID], [userName], [gioiTinh], [urlAvatarPicture], [password], [address], [phone], [email], [account], [ngaySinh], [isAdmin]) VALUES (5, N'Phùng Bá Quang', 0, N'avatar6.jpg', N'827ccb0eea8a706c4c34a16891f84e7b', N'thái nguyên', N'0123456789', N'alkfiwe@gmail.com', N'ad4', CAST(N'1998-10-05T00:00:00.000' AS DateTime), 1)
INSERT [dbo].[users] ([userID], [userName], [gioiTinh], [urlAvatarPicture], [password], [address], [phone], [email], [account], [ngaySinh], [isAdmin]) VALUES (6, N'Đinh mạnh nam', 0, N'avatar7.jpg', N'827ccb0eea8a706c4c34a16891f84e7b', N'thái nguyên', N'0123456789', N'ch@gmail.com', N'ad5', NULL, 1)
INSERT [dbo].[users] ([userID], [userName], [gioiTinh], [urlAvatarPicture], [password], [address], [phone], [email], [account], [ngaySinh], [isAdmin]) VALUES (8, N'tttgyhu', 1, N'avatar9.jpg', N'827ccb0eea8a706c4c34a16891f84e7b', N'', N'09789098765', N'chadwe59@gmail.com', N'aaaa', CAST(N'1900-01-01T00:00:00.000' AS DateTime), 0)
INSERT [dbo].[users] ([userID], [userName], [gioiTinh], [urlAvatarPicture], [password], [address], [phone], [email], [account], [ngaySinh], [isAdmin]) VALUES (9, N'sdf', 0, N'avatar9.jpg', N'827ccb0eea8a706c4c34a16891f84e7b', N'', N'09789098765', N'adklwe@gmail.com', N'qa', CAST(N'1990-02-13T00:00:00.000' AS DateTime), 0)
INSERT [dbo].[users] ([userID], [userName], [gioiTinh], [urlAvatarPicture], [password], [address], [phone], [email], [account], [ngaySinh], [isAdmin]) VALUES (10, N'nguyễn minh phương', 0, N'avatar10.jpg', N'827ccb0eea8a706c4c34a16891f84e7b', N'', N'09789002765', N'weirosd3@gmail.com', N'qae', CAST(N'2001-10-28T00:00:00.000' AS DateTime), 0)
INSERT [dbo].[users] ([userID], [userName], [gioiTinh], [urlAvatarPicture], [password], [address], [phone], [email], [account], [ngaySinh], [isAdmin]) VALUES (11, N'minh phương', 1, N'avatar12.jpg', N'827ccb0eea8a706c4c34a16891f84e7b', N'', N'09789098765', N'chtadf9@gmail.com', N'adz', CAST(N'2001-10-28T00:00:00.000' AS DateTime), 0)
INSERT [dbo].[users] ([userID], [userName], [gioiTinh], [urlAvatarPicture], [password], [address], [phone], [email], [account], [ngaySinh], [isAdmin]) VALUES (12, N'Phạm Trung', 0, N'avatar9.jpg', N'827ccb0eea8a706c4c34a16891f84e7b', N'', N'09789098765', N'ch99@gmail.com', N'kk', CAST(N'1900-01-01T00:00:00.000' AS DateTime), 0)
SET IDENTITY_INSERT [dbo].[users] OFF
SET ANSI_PADDING ON
GO
/****** Object:  Index [account_admin]    Script Date: 5/10/2020 11:10:20 AM ******/
ALTER TABLE [dbo].[users] ADD  CONSTRAINT [account_admin] UNIQUE NONCLUSTERED 
(
	[account] ASC
)WITH (PAD_INDEX = OFF, STATISTICS_NORECOMPUTE = OFF, SORT_IN_TEMPDB = OFF, IGNORE_DUP_KEY = OFF, ONLINE = OFF, ALLOW_ROW_LOCKS = ON, ALLOW_PAGE_LOCKS = ON) ON [PRIMARY]
GO
ALTER TABLE [dbo].[ChiTietDongHo]  WITH CHECK ADD  CONSTRAINT [FK_ChiTietDongHo_LoaiDongHo] FOREIGN KEY([typeDHid_pk])
REFERENCES [dbo].[LoaiDongHo] ([typeDHid])
GO
ALTER TABLE [dbo].[ChiTietDongHo] CHECK CONSTRAINT [FK_ChiTietDongHo_LoaiDongHo]
GO
ALTER TABLE [dbo].[comments]  WITH CHECK ADD  CONSTRAINT [FK_comments_admin] FOREIGN KEY([userID_pk])
REFERENCES [dbo].[users] ([userID])
GO
ALTER TABLE [dbo].[comments] CHECK CONSTRAINT [FK_comments_admin]
GO
ALTER TABLE [dbo].[comments]  WITH CHECK ADD  CONSTRAINT [FK_comments_ChiTietDongHo] FOREIGN KEY([chiTietDHid_pk])
REFERENCES [dbo].[ChiTietDongHo] ([chiTietDHid])
GO
ALTER TABLE [dbo].[comments] CHECK CONSTRAINT [FK_comments_ChiTietDongHo]
GO
ALTER TABLE [dbo].[userLikeComment]  WITH CHECK ADD  CONSTRAINT [FK_adminLikeComment_admin] FOREIGN KEY([userID_pk])
REFERENCES [dbo].[users] ([userID])
GO
ALTER TABLE [dbo].[userLikeComment] CHECK CONSTRAINT [FK_adminLikeComment_admin]
GO
USE [master]
GO
ALTER DATABASE [db_NoiThat] SET  READ_WRITE 
GO
